validator,sandwich_count
HEL1USMZKAL2odpNBj2oCjffnFGaYwmbGmyewGv1e2TU,990
DRpbCBMxVnDK7maPM5tGv6MvB3v1sRMC86PZ8okm21hy,874
Fd7btgySsrjuo25CJCj7oE7VPMyezDhnx7pZkj2v69Nk,665
5pPRHniefFjkiaArbGX3Y8NUysJmQ9tMZg3FrFGwHzSm,608
DtdSSG8ZJRZVv5Jx7K1MeWp7Zxcu19GD5wQRGRpQ9uMF,602
q9XWcZ7T1wP4bW9SB4XgNNwjnFEJ982nE8aVbbNuwot,530
JD549HsbJHeEKKUrKgg4Fj2iyv2RGjsV7NTZjZUrHybB,506
JupmVLmA8RoyTUbTMMuTtoPWHEiNQobxgTeGTrPNkzT,385
9jxgosAfHgHzwnxsHw4RAZYaLVokMbnYtmiZBreynGFP,379
CAo1dCGYrB6NhHh5xb1cGjUiu86iyCfMTENxgHumSve4,370
E1r4Psq84tHfQ6aPTvvDka4U3u8zPVD7gEUrH25RdxHL,358
EvnRmnMrd69kFdbLMxWkTn1icZ7DCceRhvmb2SJXqDo4,345
ChorusmmK7i1AxXeiTtQgQZhQNiXYU84ULeaYF1EH15n,326
Awes4Tr6TX8JDzEhCZY2QVNimT6iD1zWHzf1vNyGvpLM,313
9rkJMARqK6VBkcxGfKBAwnA44gPAfGxPbPsfsggFNDSQ,304
