validator,mev_transaction_count
HEL1USMZKAL2odpNBj2oCjffnFGaYwmbGmyewGv1e2TU,190
DRpbCBMxVnDK7maPM5tGv6MvB3v1sRMC86PZ8okm21hy,169
JD549HsbJHeEKKUrKgg4Fj2iyv2RGjsV7NTZjZUrHybB,126
DtdSSG8ZJRZVv5Jx7K1MeWp7Zxcu19GD5wQRGRpQ9uMF,122
5pPRHniefFjkiaArbGX3Y8NUysJmQ9tMZg3FrFGwHzSm,118
Fd7btgySsrjuo25CJCj7oE7VPMyezDhnx7pZkj2v69Nk,101
q9XWcZ7T1wP4bW9SB4XgNNwjnFEJ982nE8aVbbNuwot,88
JupmVLmA8RoyTUbTMMuTtoPWHEiNQobxgTeGTrPNkzT,76
ChorusmmK7i1AxXeiTtQgQZhQNiXYU84ULeaYF1EH15n,75
CAo1dCGYrB6NhHh5xb1cGjUiu86iyCfMTENxgHumSve4,71
9jxgosAfHgHzwnxsHw4RAZYaLVokMbnYtmiZBreynGFP,70
E1r4Psq84tHfQ6aPTvvDka4U3u8zPVD7gEUrH25RdxHL,69
EvnRmnMrd69kFdbLMxWkTn1icZ7DCceRhvmb2SJXqDo4,68
9UM8wQ8F5oMiRcP5YdqD6Lr4krpBWCD8LtgQYoisJd9i,61
Awes4Tr6TX8JDzEhCZY2QVNimT6iD1zWHzf1vNyGvpLM,59
DWvDTSh3qfn88UoQTEKRV2JnLt5jtJAVoiCo3ivtMwXP,55
DNVZMSqeRH18Xa4MCTrb1MndNf3Npg4MEwqswo23eWkf,51
shftkxnsXmqAkmLgz9Mn7bNB5Fr6mKgFc58kFHfVikj,50
9W3QTgBhkU4Bwg6cwnDJo6eGZ9BtZafSdu1Lo9JmWws7,48
BtsmiEEvnSuUnKxqXj2PZRYpPJAc7C34mGz8gtJ1DAaH,46
J6etcxDdYjPHrtyvDXrbCkx3q9W1UjMj1vy1jBFPJEbK,44
BkoS26vBuaXnSowACdChi4WKid8UwmuPNhEJWa8KsLHd,43
5ZqveVffQPiUbkjBg4KD9kib1MKHLqiFno4ke9jSq9qk,42
krakeNd6ednDPEXxHAmoBs1qKVM8kLg79PvWF2mhXV1,42
A1vqhA2fS6K7CvHsJKX1ACcHJFEmyRg4KuR5pctHANy4,41
22rU5yUmdVThrkoPieVNphqEyAtMQKmZxjwcD8v4bJDU,40
GoeW4aFK4dGoekJySgUynWDxBZiQJqm8GDAF4H53tDK9,40
FBKFWadXZJahGtFitAsBvbqh5968gLY7dMBBJUoUjeNi,39
Aw5wEMXhbygFLR7jHtHpih8QvxVBGAMTqsQ2SjWPk1ex,37
EkvdKhULbMFqjKBKotAzGi3kwMvMpYNDKJXXQQmi6C1f,37
9rkJMARqK6VBkcxGfKBAwnA44gPAfGxPbPsfsggFNDSQ,36
5ejbTALcBsKQ7Cj1iSuu2mY5jqbYHqh9gF5ERXLiYj1z,35
7cVfgArCheMR6Cs4t6vz5rfnqd56vZq4ndaBrY5xkxXy,35
6y7V8dL673XFzm9QyC5vvh3itWkp7wztahBd2yDqsyrK,33
DrifTrN923QaouP89UxkQzFGbumKPCnfkNYQRwmZxatz,32
HbidP4hpQdwhkzrxder3x3VNPt6DQnE25gFG46napD2p,31
Hz5aLvpKScNWoe9YZWxBLrQA3qzHJivBGtfciMekk8m5,31
HpcB5Qg8Y9E73dUkot5e8HkgAJbExsYeUzniY4bCuKac,31
CW9C7HBwAMgqNdXkNgFg9Ujr3edR2Ab9ymEuQnVacd1A,30
3SkE34PVeGck2ArEffFKjihrQgURsvnoTAhitsNXNzXd,30
2GUnfxZavKoPfS9s3VSEjaWDzB3vNf5RojUhprCS1rSx,30
BSVckjdW2f8kcXPGcrPPtV9kUDBZ8w8PjrrGVnxgEdwq,29
5Cchr1XGEg7dbBXByV5NY2ad8jfxAM7HA3x8D56rq9Ux,29
AWcCdYG7Dy6GX45c6QMPbgGwgRZPKcBDT4bXGb3QrVRV,28
FNKgX9dYUhYQFRTM9bkeKoRpsyEtZGNMxbdQLDzfqB8a,28
GQzMeEMwAR44ugoNCifTb5NdRKos1GduDUPeNh6AgV46,28
9n1eEtJJfj1535NYfx524QcCG5aHbf5DH7ejqBrFLBwG,28
FbYX2uN573G5WsgiPdHU6fS5PNUyjdXfGfpZNkYUuT4k,27
3JotfSFPaod4KVK7nj7ULvcq5PjUBdZNVGracNkJNhrt,26
8uJiHDJ1b7UDQ4KFsQGJXK9nUCkokdKRJymg1Wy9nxvM,26
DTSUkYHd2e9P2HLyZfbLarsbDdPhQUhZnWjRYuJZQRC8,26
CfgRXmp1LEYr97EaT2RyoL2cSvtWgJh52Bes89RxVSoW,25
DUND26mEDfFeaPsVof3YvbXDRvpuQX7HMUJrLgEWzYw4,24
76rcGHdPvgs8G1XrzCXUTWtwgT59AFDvpB4VbTS2TBBJ,24
GSTampk6BJRKSDkzhaMM49R7qRx98MTPYYWvKbp83XKc,24
CG4tRANBKrzUmpv93V5sgftjQznBdiJsc2yPCzZWWuS9,24
Fc6NNdS2j3EmrWbU6Uqt6wsKB5ef72NjaWfNxKYbULGD,23
ana2y2YvQ3ZPMwm6qhnN3nJoUSiT3qx5Pvetkq9xcfY,23
EXckihF3qmguH5znjhfzLvHsbk2E3nEW2DqNh4MMnDMm,23
G2TBEh2ahNGS9tGnuBNyDduNjyfUtGhMcssgRb8b6KfH,23
G3a3iYZKNLbivothF3twqcaTCEvoPb9uJ2bFc9DNKkBQ,23
5EhGYUyQNrxgUbuYF4vbL2SZDT6RMfhq3yjeyevvULeC,22
6WgdYhhGE53WrZ7ywJA15hBVkw7CRbQ8yDBBTwmBtAHN,21
722RdWmHC5TGXBjTejzNjbc8xEiduVDLqZvoUGz6Xzbp,21
CoG8d9Fp2TFJRkAmrPMiPsGhQWHzdTTVoegEp9svRgmJ,21
8tjFeSApQ85ThoQXT28acfF2KUfQr3TvTdirSkzNnYC7,20
7y5VhV4fkz6r4zUmH2UiwPjLwXzPL1PcV28or5NWkWRL,19
5TGfVQV1S3wHE9hkgGaQkRoPC7xZxiqwMcjQZxVYsf1j,19
GmCxjmjKZoaKN1DKunbYq8RCYib94Nm3sHyncFfofaF5,19
2m1A2WM1vte7RWz5xTTw4i1SiXmngVtXhqFERaUjoAAb,19
VQwCCSfW3o5NDx7n5FBr9SoYiLXVgetstHvaWBvv2YH,18
BUv44cVtsdvU9z2BfFGk6s5JZZWrmVnq5qCaii5ARyyB,18
DZVqmD4QqSWM2gUyEXdQhvt4u3NZtCRxdsn2n2nNiBRL,18
AEHqTB2RtJjegsR2ePjvoJSm6AA5pnYKWVbcsn6kqTBD,18
Cogent51kHgGLHr7zpkpRjGYFXM57LgjHjDdqXd4ypdA,17
AMukCLCr52XxsEjXoDxKKxjNg4FpnsReXNaQx8aR6DJF,16
Va1idLRtYEtVFJFsvz8vtt1uCJgea4Q1zi2Rh3eraJh,16
CwyVpfmfSiMeCexi3JgUNvaiDfYN14cLDjzT99zcBuD2,16
A9mvukTd77EbRoBX4ydSCFQHdu5bsRFkNXTTRstA8FAC,16
privaEdSEmnMPGPoQACUkcDGkFBbTArVvsEGd7C5wUM,16
C1ocKDYMCm2ooWptMMnpd5VEB2Nx4UMJgRuYofysyzcA,16
HM1KjNaXa4w8K4gCXbieoMh5gUTNeUhg9fvdXMKeBW3L,15
FZ4MT1HYJHd9GK8D5mJ9f3r7irLaDL5NxBNLjGqrLqs9,15
HLnodbYkL5PFA8hjAZDkm5pGzV7eLTvcs671AW2L6St9,15
4SsMncJdtKiUcDtukkX15mqei7WiuQ9yvRtQrQW4reWC,15
BXAxLMMMUNYfC1z166VjWHR3WjTmqzLxB837o5ghmRtH,15
aXiomFkk6VzXaBhPuhMqTLZZguCFzzbyP9LTtZ7ZHLQ,15
Ninja1spj6n9t5hVYgF3PdnYz2PLnkt7rvaw3firmjs,14
BeaCHioStqCEFDFxKwAEzyrUPYxqnBPhJ98gDKeEiTPb,14
AiDoLWFKzNxSXKeZ4zym2TEPkg6F4kQ3YBA8WhANVPEq,14
G9vCpJUUSpEm4zPwzSNpDmZ8MGwLEbiSLV59EBzCGvzM,14
LA1NEzryoih6CQW3gwQqJQffK2mKgnXcjSQZSRpM3wc,13
XkCriyrNwS3G4rzAXtG5B1nnvb5Ka1JtCku93VqeKAr,13
FzQqaDStQQHs52YKeCnDovwSqvyZBCgs2kJcmvoFZwaS,13
RBFiUqjYuy4mupzZaU96ctXJBy23sRBRsL3KivDAsFM,13
6xWLi1TDSh65fWsSqE1zdvANTSuVDRMx4ghsGJwgunS8,12
9iFPQbP1jGkj67sXg6YLLGRUBVEDMcapdS6jmCZSnz8R,12
Ex1AxFCipXGfSxgvXPPT3nPQUARddCduHwKR6jHiXAaT,12
CXPeim1wQMkcTvEHx9QdhgKREYYJD8bnaCCqPRwJ1to1,12
7tqeaFKsg2K9xKnQWe61w71AtCZVMQvG4hbFAiFAngYw,12
7Zm1pE4FubFYZDyAQ5Labh3A4cxDcvve1s3WCRgEAZ84,12
Ha1iade1AH3B12K9SccfWoPdFtQKKQsj2ZyWwxcjqJJU,12
HnfPZDrbJFooiP9vvgWrjx3baXVNAZCgisT58gyMCgML,12
pSoLoZx55zZz61gjxSTwHtwTg4yTwdm7ruBmyjbYgT2,12
bkpk9KVsDRfrArzzmkJ9mPEvbXfQxczzQYR3QMGiR8Z,11
9gFxqsXbFyrKXUkqpAatonn47uYZ7sEZSnMxhzQoXrUJ,11
8GLRbAstsabZuZUx73AoyfGi1FRCWSUhRgMugFyofEz7,11
7PdKhpKz7T39vZHFL1UfcYNDsLvay6hp4KPQq1aUckFf,11
puffinQSvKFriPbyE5atyx1ptfnyytovbzxybr1jsyy,11
G1bLKfyNm7zsmmYEL9dyxBvMtxpFcwy2s84bHDj2ZFUY,11
Ste1115xFGdAYK5jaWA3dEFcUc1S5jEbVvD8e327zty,11
HaLanfo94ezLc3JZ55qqxr7W3qbe1PprJyv2uEtriEqN,11
6aDs9tUm2gErcPn2c1TZnp5cu2bQV9BzyuwW4baWQYd4,11
9AW87WqARQonyJYhx1G25fKfvjURFYVmHs79z1NUXDPD,11
fishfishrD9BwrQQiAcG6YeYZVUYVJf3tb9QGQPMJqF,11
mrgn4sJJu5GBa5wbKyjuASzhyCifvcedGoLtpKjB3Wf,10
grptonHnt7YSmJokGK9TJJTBXDT8ca4LSWMHCCfzzPa,10
5MAGJ3zShtXMMVXjZRoFqtFF7XhP8iLSyZrxdL7KpjcB,10
6TkKqq15wXjqEjNg9zqTKADwuVATR9dW3rkNnsYme1ea,10
1unarWPGGseFag2WfnoFv8o9P7vTPU8eHex9GinP3eY,10
FWwwP9tNttSy9dJFxwf6ebXWfc6VJXqFNMTccrMiLFTH,10
mineL1YNwcRnxN93B2sX6q22R11WfRqxnY4NBV8KfFY,10
3s97yjq2MhoPVPC3U9VeE3Z5S643Pweovg88ysvrQPw5,10
5RvfTSowms7BTYaBj8SxVjj7ELAAKdQadKsuNpmBAwCs,10
EBoKqyT2kCabcHXgpF7ScwrHgGUsR821xkTJsHtP2JJi,10
t23p8aBQN6P6tziMuN5XPmzqVRrip9oes7KuQwSmate,10
3RXKQBRv7xKTQeNdLSPhCiD4QcUfxEQ12rtgUkMf5LnS,9
RNXnAJV1DeBt6Lytjz4wYzvS3d6bhsfidS5Np4ovwZz,9
anza1rXDVhy1NfVNtsbT3kSBh2jgB1BGZUKuUibSAJd,9
7QQGNm3ptwinipDCyaCF7jY5katgmFUu1ieP2f7nwLpE,9
HzrEstnLfzsijhaD6z5frkSE2vWZEH5EUfn3bU9swo1f,9
7GkMBmtrTZz8QbjSe1sXvAUtz7Pp42SQxfT5ymmJD4We,9
DZv25oNCWFvGXu9tH63BiAXvG94syweGZhbvdN3HxDxT,9
CPcDFHCAKkr5Kp9T5aQWJhXV5J6iFj141NMQ87L6poPL,9
7EzbSahSfSjeRexHcNDLDpzHBAGBLjLKtjbmuoQnEtjE,9
CVvaeDPR2o7P1eawG5c9TPFLzSXAewwPovPmREaEL4Cm,9
FBbqKvwLfKGZrKrfSbPJz4ymQ7zMarhRyZtu1RBkSe89,9
Frog1Fks1AVN8ywFH3HTFeYojq6LQqoEPzgQFx2Kz5Ch,9
rubyWZkfnjG716rx69n2oCAhevVZaMRQunir9VQcY2E,9
3YVoK8UN62dyiPZnGBzBTkGdwsVmmK1MpRoLcxNRs9BE,8
soLStaCk5TiGCpeLKa9Fvv6f5JQGMa6S3uhLh826e9N,8
7qGNnXKW1e3DsqEaSxwxMdBTFsrK73XtWTmkGitRyMQc,8
6M53yM6dsE6hiaHgxWvYa4fsfzQTGyAZn7rM6JrzbqJV,8
spcti6GQVvinbtHU9UAkbXhjTcBJaba1NVx4tmK4M5F,8
CLsFr1KZVbAyz16iFpwg2e4hiekR1unpwyxfNdjBMaoE,8
HH5dA42XF1HxNk1TRpG6LuKfLViMYNdAz5iWrFM4hWFi,8
AicQr2zCWBLiBwt2r6o7iTemmtyE7q5pTKyuuupbXEQA,8
CMPSSdrTnRQBiBGTyFpdCc3VMNuLWYWaSkE8Zh5z6gbd,8
DZVySotZvrvJyVAcgjFtUDm93zoCaq9wBruMAUz83CWW,8
84gC25fbFKYueR9WEfreUysk1n3ZFxLFDDjbyqeqGpoW,8
TxtxXzLTDQ9W4ya3xgwyaqVa6Tky6Yqhi5BLpPCc9tZ,8
5zm9g3zgAPWzX3wmUB2JtTkcwCqe74NWsTmt5wLFwCKK,8
ACvL73V4GNnxPVfZ7K89jCrYurLyzpEuE9qirjvh2Xmi,8
GYx8kpp7SsRwtQEEsGQjAxb4hFMMmT91kFJuDeky3YGQ,8
58KprHKFNHgH1Cvo4QwxWkDeJNaSQVteCoAAFUWjtESn,8
UPSCQNqdbiaqrQou9X9y8mr43ZHzvoNpKC26Mo7GubF,8
ABC1U4cf9DZMwqy8ktEr4WJj8VHmVBQibbC57gEJthwY,8
8pyp3vfVPRziYdAYEyqkwytdBbdVbQmHqfQAVDcRV3w,8
SscQkTYV2BFQYGGffAmTzvefrFrw6z9GNYiWHstVZ77,8
nymsHergYedT9CJMgtGMvqXUTGcbs5o3MiWTJUbqTGY,8
8n4pc4sCJtBeLfJdGyJn6EcZuhtfTiepRa9ExdJFdmEN,7
AqyRvpjjSN6jWYPxijoJwhmKwJFk6fRYDh9fQZHcJ2o7,7
5HYjArGt81naevDdwMaEx8yeGNw9jYBSDJa8YavT9Mp4,7
radM7PKUpZwJ9bYPAJ7V8FXHeUmH1zim6iaXUKkftP9,7
bxrAptB5ZpZBhoLedJpoGWY5hBjjt3zvVBr2323Rrq6,7
8vk6QpG93JSaQCSgnycBsv5qmfQBk4qC9FjNA35E5JhU,7
SSmBEooM7RkmyuXxuKgAhTvhQZ36Z3G2WsmLGJKoQLY,7
57i31UEyDg4koaZMZ1wAHbYuezXv3AVaHtvJgJarxt3f,7
Diman2GphWLwECE3swjrAEAJniezpYLxK1edUydiDZau,7
D3htsc6iRQJLqCNWcC2xcZgUuvcd1JT8zoYNqraNcTQz,7
5Us18hLZPXJTS4QVuGSsUw137Dyd2tgBaem24Xsf5nBS,7
Spiky3mMSLHGhffuEhYR7ptMNZ8NddddwrTjki4VhWk,7
oPaLtitM6cwpFVzP2rDhLsJLdY2vcbuZiJJyD1TFUKs,7
A4hyMd3FyvUJSRafDUSwtLLaQcxRP4r1BRC9w2AJ1to2,7
mint13XHZSSxtgHuTSM9qPDEJSbWktpmpM4CZxeLB8f,7
ETuPS3kRfLufz5VSYN2ZrePoEVSZSpgVPKz3MUZpYe3x,7
2mMGsb5uy1Q4Dvezr8HK2E8SJoChcb2X7b61tJPaVHHd,7
EUcJwf7jXskRE6NZBtFPVH2EedNvNYko8LL2WT62XctB,7
DB7DNWMVQASMFxcjkwdr4w4eg3NmfjWTk2rqFMMbrPLA,7
8T8AJfUCXwPFwEMmjca8gCRSktPrqbUBVa6ggNyhLhFJ,7
4QNekaDqrLmUENqkVhGCJrgHziPxkX9kridbKwunx9su,6
6XKqyUVUcpe3CNucjF6gk5zonJDqNGvob6kaTy4Ps1U,6
CiR8HNCfkjtcongPmP2DRdZPnFgjSbN5gsXdjmsXXHcB,6
FACb6bbTDRBHCK999V8ox8jga5JBnt1r3vvzmAYAMv2o,6
GWJyUxzcVwRRtpLuLiu1mpiUQsZ4onYFAYfCjQnuLmz5,6
NWY18yrPHsTogTDq78HpB51D7gC5AGRsvJ5pPqSchkH,6
vu1sGn2f1Xim6voHNLt4nLn38zNkYdLasU7hEr1TC2D,6
23SUe5fzmLws1M58AnGnvnUBRUKJmzCpnFQwv4M4b9Er,6
61QB1Evn9E3noQtpJm4auFYyHSXS5FPgqKtPgwJJfEQk,6
wifwUaAXgGXixi757cinR8RhAzNuuyKg8hh7mkCDPEc,6
CpgSfd6QUoBw1267rTtJoZhELqC5q7isKLojBifSbNEE,6
gridqZmeBcsUKT2Mv4M9YFHFN3tVLFb2TCtTcLD1cAd,6
CaveyttUBTKttncu1e4RF814XjuoGfYv8cEsiKGDNCPX,6
91oPXTs2oq8VvJpQ5TnvXakFGnnJSpEB6HFWDtSctwMt,6
vaoJKVZYPAsqc52T2nNQhABR1gU6Cy2koDKfCQaEiva,6
GREEDkgav1ox1jYyd9Anv6exLqKV2vYnxMw5prGwmNKc,6
49j9bnkdgVNxLwsZ9h88sPR5MYEmsUyKrrJ6ZW8ijBrb,6
6MiEjXqYksCtKnJpvAp3CAoEZnnWZyoSxu41HCzAYNdc,6
5zuNci3TV79w6zLoJZzbZujMvkVZb2FcSPhgv9aT24AK,6
6yFGGAgYpBxgYPuHW4rv7hJmhKrUiXKyHkpVGaYtKrwE,6
5pZvwjSpGYCxpJeySwSbSAji7kZe4YntL7rQvXM3YcNT,6
MARiKM3t7pDCyXtvLq24ErWDAvYu84yXqCthkR1GS33,6
PUmpKiNnSVAZ3w4KaFX6jKSjXUNHFShGkXbERo54xjb,6
sTepQGoReJq2tBKStL19DT6nnGHcGiAvFjyYaokLyuM,6
5essVpBYvocZkQnkrWsMDfRPwtp4BeihJRaweKLR4dRn,6
Mwz8VgAEnPtfqS62r3ixrFiMJwnNfEwR141CGnsTo5k,6
THE1CosYJD9F1eBq53Fg4MZYZa5WrPUf2RQU5ZHnfEj,6
meshRrDTME9cL2FSQ9E56EncfkZ7vL8apwcCFsw3o6Y,6
NdMV1C3XMCRqSBwBtNmoUNnKctYh95Ug4xb6FSTcAWr,6
4W3jdXyqhLCjzA3Liu8ZNjViwrc6N9YjSB7obbxfjcKE,6
ANC1u9sY36q3mi2MyVhtz71un8yLgTsFBUuyLcSPzKsk,6
FCWkGAHDWK41ANjiaoPudkCZRkvTecaEkoZQugezUnpr,6
mXv18ov8qCiQGs3ieoen981LdgZzYJjJak6reK6fpNC,6
BfgMdL4FaNHp5zZpD7WMYG5sZUrCWQPEjXDwWS7M5q3F,6
MutT1jxCXbRWJXpXoJK259gLrNfzDezdxS3BSkQAmv1,6
8ebFZA8NPLBZD91CwsG1HWQsa2B5Ludgdyf5Hi3sYhhs,5
6Rk694kh1QTyQkirdb1uDZmS5xqG9bNaYtxx8d311Mr7,5
3Rv6ZVGUuRczP76322LyhTTYw2iM4avV4B5xFJocQJer,5
CjmXSapt1ouz3CZzgkRJckBEwMSo5fVdVrizLeRscwYD,5
73hojLdq1vZDSxeVQEqVFJ4iwLngdvEJPEpEHkSdv6BZ,5
PAWsME7oYbjt5TRNc11mBa33JhKnQr9AYherdr9YAZ6,5
KoLibrJsbABbtmtFPc7nPvDxT81rc4UPM7mY9xSLjpo,5
8cqck84coxk8TGXYBD95QosKCEA6fKwXLevcEv3oGmu8,5
SLNDCSGTEsA6KHpgR32MBt9UAurZnVSJGUtW2tRpdU2,5
ArMBx6veRq33ffEP9sxHafiPRgrtzww4XvbwZbSMfXiM,5
2mDrrmhSzpSyaF12izGk8hnFjtKCGeCFPwQHpRiJDby2,5
9GHvMeJ4ZWuAX6sDGscFL1TBMszx2EehnrcTVUy4MZJQ,5
9FXD1NXrK6xFU8i4gLAgjj2iMEWTqJhSuQN8tQuDfm2e,5
AsMpvJ3DZ2Ydu1WTRMAyMH4QjSLiUG39rKzfzvtE1bWr,5
FugJZepeGfh1Ruunhep19JC4F3Hr2FL3oKUMezoK8ajp,5
Hj2jzpAp57KyM3SmnYwJbDVrQ8tTWizMon2hhzYzwxet,5
4XspXDcJy3DWZsVdaXrt8pE1xhcLpXDKkhj9XyjmWWNy,5
HT41udB8mLZZf7tev9tUoHYJ41TP8GWZ6zFMbjiviXk5,5
3psxMyr7rQzywVp1MXKd1XFmFz33NjydzCoJx9t2sMQW,5
6k1YkmTKwPRUhChnxA9ryJmbtuQMbro4xFTL6mL9jycB,5
qZMH9GWnnBkx7aM1h98iKSv2Lz5N78nwNSocAxDQrbP,5
2Mob8FJkb8chZY5pTBMpKfLwgZAQHE5i9jAC5zbASitD,5
Tri1F8B6YtjkBztGCwBNSLEZib1EAqMUEUM7dTT7ZG3,5
32ke3uf1qL3xLqbwzU76T2sbG2XaJrGuSCNdUnien3zm,5
4mtXJ5pUcMMB4t8cLbi7zfDJCHfYLRrQb4qSLmh57sKL,5
HnwMGBAw5PxaX56eSYc969MorEy2NzEMPLkmBkdnJmeq,5
BULKzVM41WAyQZfL34vxqdsYwEYH9mJAJyzRS4xraf8b,5
ciTyjzN9iyobidMycjyqRRM7vXAHXkFzH3m8vEr6cQj,5
Cu9Ls6dsTL6cxFHZdStHwVSh1uy2ynXz8qPJMS5FRq86,5
CkCMabrc3HgBgDkeKPXkbWuQpUuSqW7zs1Mg3HFArx61,5
2dxz129YxB1xtf7Mx6HUT5JspexArNNtQt84FYueWZV7,5
5AsoSeQtLoN8eLsf3wKrR3LwxHME4sTBGR6dpTCP1k3H,5
vALigXFg9wnnhVHN16vNxHxXtAXiBv5QjAE6udoniBY,5
FGiEdzde7Fco2WLpNQMat299hUVoykJdaA5hxdmCzHiS,5
7CR3Jq4ny2tsr3DX3DvyjoU8TYs776MGkU6nLMWjAqCT,5
7nzTzRZzezmugqE5ZjHRMxarhXunpwZ2PUdjV7uYzt7A,4
CtvdyHYt8cMuGVHFarV2RADfoCdnrbd8e9jAsB225uMW,4
Bi9kKNxfW2XqgCmLcuhHt6A3x55GuAGmrVZxRHLyVoQ4,4
EfPYQ4BUMiKa6736qqrtnCBGkUSRDGSr1WvtyUgWHuyp,4
8aySXUFrqJz5kath6aVijrkBH8ZtxMWJGhYXwYBpKmHK,4
SLAY6uN1zZpXBTfbuDDCesNmM5D288xrz8uYvfS3n41,4
3tm92VTxwyZ5MDhGoYR4tVTkwWYkzfam6hwBjauUACCk,4
dst2u7mXMyDvb14cSErRNA1mxH1d5VXbSXgZ3DKE9xH,4
Bs19Z9SokV1s46jutN9tqqaCgYf1GsVyyytVfkzwn9qK,4
BCeczqpTRPigndHVJu1KEzno1Uhb4hjrE7ttmAndrV1p,4
ECeaWy82CxpeJQr3EG3XNmYXc9NrVeWDH5ag9Lt6TPVR,4
6xUK9Nbonr4eoJNtHGoUEMmYKoPz5mipKzyDBv6deX4d,4
hy1oMaD3ViyJ8i6w1xjP79zAWBBaRd1zWdTW8zYXnwu,4
BxkAkLR2W3agWtjMXBNvhxmB8vsn7zhjNQcyfost99KY,4
SFundNVpuWk89g211WKUZGkuu4BsKSp7PbnmRsPZLos,4
5ikB9XZNVsjwKb6hHT3FS3So1Z1SrDvU5yaniWEQyDEG,4
c3rtoMCHSbFrLRTAdw4iRowKSn4BrDtvSPbuyJwkHwx,4
GFXVa19rX6iwfs3sLS5UvX9Exu2usRsG4V5MRMDRo23V,4
huinBRP3muBuqZLMW8ARjdn4mBnEmFFcxiBzrkQz553,4
8uPW9msN75rfaKiwy8y8NxEX5zSk2WejtVv5YhZr3jCo,4
2oHUYyW2PU9VJh4XBs5TbGgzdernunvGqyKth3kxW4ns,4
H9ENbtmy2tWFtAJNmpC8xQtbcr1NTp4FXLdphRaG8L2T,4
bay3wXfJsu9ds1zQBoQQ4DUwFGs3NP6q4gca9WM5G1z,4
7ZjHeeYEesmBs4N6aDvCQimKdtJX2bs5boXpJmpG2bZJ,4
FphFJA451qptiGyCeCN3xvrDi8cApGAnyR5vw2KxxQ1q,4
5VrW7YNBccVnhnZVmooCePdLFcs2UjfxRT3hoY9mN8Ec,4
AwcMVMvmT1aCETVYV42WE1cSMCyNp4vZqVjLsvs6dM4o,4
23U4mgK9DMCxsv2StC4y2qAptP25Xv5b2cybKCeJ1to3,4
ADjyeNzWd8yhEjCVyAqT87eqoyGRbimERQsNhFQcXjop,4
7G4RfctwLLgqG4ZWfCirU8dfJd87mKQWgB4EHQRv8i7v,4
Certusm1sa411sMpV9FPqU5dXAYhmmhygvxJ23S6hJ24,4
GkFT5nmcFVmJiLwuE98PjdF3LReMeq4WbejFHfwrnsgw,4
rssaJ2iKcE9QWsFYRZr8Q66TQh5bRk9DxYrzxGMzWQr,4
4vdWYn2KbmQ3Dns5wVBfz4CFQDds4b7CpsC8MHBhHAib,4
3WDh9HgusCujDmXCVhophLrHvoKHQd1Sd4uFHz1Awo35,4
5tfcGyf3NQFcufDigvbRt9kWoVN2KPEkBRUY3UaC3Zwm,4
4SgoyAwN26iu9Gpf12Bk1rnzp4G4yDUM3XVv4w7VQcAf,4
6c6RrC9TWNgiVXnbZ6hehNuhyh81pZK1yAj5w2nXZTwi,4
8hAYbagNt7CMBooFfqVJhBgLqLffpjXTWJMk8yybjJsN,4
CTDGxTK789ZvhgyHZHtSnxTtysbyY1mrywXEJiYYqXxC,4
BitokuDHQiAhpUKrwx1VssAAoW5Rst8zB6gpfoaxM3Kh,4
2XmhZKHmfjku3T3nC9xKhgr5bm1CAmWXqNsNt49mo82C,4
D2RV1q6FgePVVjrMa7AMzVbvvAeg5oS7TAV7qdNKSDsX,4
Ee8dX3qtwrDRnxYK6NGQfmMeKT3Qpp2QZHpxiAiw23W9,3
6pEtDovpyd1zUMYPuNhMCPU37sUTEAtzzgoVVAh1G1JL,3
chdvWr6T14nqGRFD37KY36dsvhkCtDaufW5rpu3AfHe,3
U82KEYMnuCiZSQbvuCJTZ652HX9NQ63uNSnxyucshrk,3
GwHH8ciFhR8vejWCqmg8FWZUCNtubPY2esALvy5tBvji,3
2dfgsiSaZ51QYPsECMYMG247PXxyKdwkV9wTHoQb8YEC,3
gangtCrQg5RmKf5yxvhvZThPugPX58pDSdQ5UuS26vN,3
GqDCbnafLmKkdqiqf278jDLXqjjZMB2sViZQtR82jPUf,3
8yjHdsCgx3bp2zEwGiWSMgwpFaCSzfYAHT1vk7KJBqhN,3
CVRr5oHCAAooVbYze7CvXtRp4FUtkMCSqBZU7MVu8v8e,3
FSVdqBzx5D4UsqBLnvmH5dFx2dCm1pTPAbQWJ1PYzTJ2,3
6gnbmed7kzwQVQ7ghsjgEuCoYmGeWciV2qCwni6WS6HU,3
8AkVj5aAtJ27tYXeq89cnSf68V43NarFHMx2iSDjZv7c,3
AmjX7CerZbHrU814UeBp2gJC7gANNG3KrP4c3RyD7TSD,3
2gDeeRa3mwPPtw1CMWPkEhRWo9v5izNBBfEXanr8uibX,3
DCdTPyDbXNHrmdv4ZyPPzEfY4mPAqH4hDPtowAteoNgv,3
juigBT2qetpYpf1iwgjaiWTjryKkY3uUTVAnRFKkqY6,3
SANDCxXBbQhvbUqNtiLqKdFEY1uQhVo1UgUACaS4mXU,3
sbidYi7fbif6qNsMpwBKvyF5DKcLCbjaegpADsKqNux,3
2Wf9V9rPeVRUTfmWdPedCJuWVr6MFfyLuigEq42DuMDc,3
9T6SNsBimjCRJpkEjiVsc8AcxTBa1XVA7RjnBGGfWP23,3
BLUEHGDihXD9CqqC5XFSQzDC3aS5jASohb2BAsXaJokR,3
DiveRaPKviyDnQyiiMFdV4rujsCBJzMNvPjKfvGNLGvL,3
EWARp8Syq8cTWGWHtP5LT9fKAn5GvXfSCH8LfAwpgQ6m,3
9Wmaz9VPpEnH67ZqrvYd9bcH66DtsGaEKcSQE1ac5wkf,3
peNgUgnzs1jGogUPW8SThXMvzNpzKSNf3om78xVPAYx,3
idCE5k2BtTpwXdwAC7Var1enT9reut9fWECcxQP7LY7,3
2N7v8pDKDYhtBUJBQUgxvysUjgM9s4ULPCmeEiPWTf6Z,3
8ZQg3K1V1Z2BVJkjmnxpi43WKhjPGXphzu5QmBkJibSP,3
Stakex4B2tpDHPWGvV1dninfiaYCGdakgTknpzPitLh,3
3tzpLMWRkWucvTRWU5PjgKzN1iwJuV69yCCjmuuo4gTk,3
forb5u56XgvzxiKfRt4FVNFQKJrd2LWAfNCsCqL6P7q,3
99rG5AhkVagxJ7y8NpMAmy1h1u9GhT3h1Cimu2X3cwaJ,3
LeDbQ99QT342j9S5YdyXLrsq2Gu3T3dMGajExdAuE3V,3
2t53LvZfskcpXkdwLaBnfZLbNgyVHPu2BNFpcRBaEBhM,3
SaV6UWBaE8M3kwMBfAhQ6Tmvd2qdJRm94NTwLqtoyGd,3
4DraK9wUrMSpzbGjUbSWTHAhJimMyB49HyKhvfwe6e51,3
DP9iBgK9c7tJYb83KhxQMFNc1LXYu7nE7EhWpEzQnjmg,3
2P9ZYA4vBoBBr56hrEFTmrd5ctuz3r7wtvRYmbgk6jRL,3
7U68WfpxJF5W1HjVQ2NCQr5EuKhNSvSRAnmWTk6225Jf,3
574rvsKGZg8rBuSNX7k8gG2mHFvUMwt22sSgJJBMCQVy,3
3C2cXXVHCm2w2EWnHUNxhtZCB2EMv2AeJ4TpW5ws18fi,3
A23LfQn6khffj2hGhGfXr6P52W2pxrVcCaHVQLYQgiX2,3
7mF8NZJdREuM1uwYcvKffuY9QJBEoHhNp4hZ4NS2fuXW,3
HVXXmNKkmDZbZwj74iL2Y9Wu4SyrchBoxAfFYVAktLrG,3
BR1aTt4ZZUCwWJDkSYf1hqkYJjo7Mb7Ar8iVTkeSwUB8,3
4JahMMrVRS1gimWoXpD5H6KwKc2MrsoTDFMaStMttL1E,3
ES1M3tMZ4rMTJ3apE75cHfeGWizDTrMMXy2zKtWkd38R,3
5d9Mdc2Zk8as8GL1AxQeXxv5htBBvC5bjfmsXC7UUWwG,3
5fSQdv4zsAJNx6RKpGho6sL6rY6a8nziaqcmwaRJB9NE,3
SWiz7QwnYPm61pWWUUkMhj4r5pZLP1SvYibdHcB2cov,3
DZKTNGR3r4Akj3G42ReZatKhkmgEXoZjk5Ed2tFwRyqm,3
rsbp8zMHbGCpLoRktmsjspYv77VcjxAzH1KxPCD9BiU,3
JC7bH7HSZoDhwggBXtRF31cVt71WiizY2J6YDDQfG5er,3
9ppJrpsbbuGNjiMhhD52Ueco4KXUzVfrtNQ6tAcDab4f,3
GiYSnFRrXrmkJMC54A1j3K4xT6ZMfx1NSThEe5X2WpDe,3
6PvHaibtZhuba14dzbhGFJRASYX3Ka2oviRzSbXV2wYC,3
popscoyTKVksa4TyTXw488b3vvFxM7qQEyTBeMQopKu,3
9bkyxgYxRrysC1ijd6iByp9idn112CnYTw243fdH2Uvr,3
8Nvaxzif1NrdvxNkRetjT8xJvd33EHkKVrfL8EDkgaNy,3
FjYEr2UCeFzNfAKiFrbhG34Zv8LxbmfHYAFhAfc7SLQL,3
PRGNnb8DxVcP2WjSHfVRGgc8SkA5u6dbMwoTVV1BGKN,3
simpRo1FrQYGa1moicfgnPDp6KyE38d4gYrZzhjXYJb,3
hnhCMmnrmod4rcyc3QRKkLEC9XnPTvYJ2gBvjgFiV4o,3
FSyAsxcE7g8pSSEu5nx7Hkz44rMZiYio5Wz8Lszh3Nbi,3
PAD9aPiKJGcbGxuVLbc8o4Vf65GPq3fJQ7PkHWuX6a8,3
EydLxzdWfD434DDxZYXkTcajvK5VKH7p6CofEDCRUkJ4,3
novaeuhY2JH2WHhc9KVTHDx2cyJZdXJC6faf4CtARZn,3
D8kuk3qEiVBGwYkuMGKfBDwuRi6jjRkzjAZg45fdaRLx,3
97jbhVBYcSmwGXjrx5PPWXucDsVBqwyoQ6rzP3B6eeMt,3
74Xkp2iLXm315h69sFRiCFjmKnaWkMV8W2LgJwPRSgN5,2
spur5CDwBvTZszvy1ozGjRc1x2TuDWo3VF4jrq7zgvD,2
EdGevanA2MZsDpxDXK6b36FH7RCcTuDZZRcc6MEyE9hy,2
FGj2F187dqKfCQLfa4NvRPhiTeXwm8LZDCq4q4z5g6ai,2
KTMkUG8WCw9FdH44jLMBpc1teGafnYL6SgP4fHHbsNM,2
parayLyZvwnGjDT2pGqrVn8UDxmNcdNQCE8uPRWMeRz,2
3cZSHGfNdaULpFAvGbWbxpVwzXB4gHdk8NFucPNR5pgA,2
wetkjRRRDrSPAzHqfVHtFDbhNnejKm5UPfkHeccFCpo,2
yJeahQNRHNWtL9Z1SqPX3SBwTYXr5ECMYYVK4uYVwxt,2
3DaPk6TdeGnEBwTR8fEyZSLkdayk6vZXrqGZhAgYK8BV,2
mds4GEuiSgQRqveGyktWpETBFCb4AS2wDnhqwLHcT6Z,2
R2D2imoV8nXk1ngT9v4dEK65We4uLNyUarTBdWbFruq,2
farbZXR7aBQSMCYiUXzoS4pRUsvuCZ38f6AXMXiKACf,2
zeroT6PTAEjipvZuACTh1mbGCqTHgA6i1ped9DcuidX,2
2D2v7sMqDuq2ekZnFhaQm4k2ErWHemZQuYf5qaVTPFmg,2
3V2xaccDpFib4DbTksdiveNDmiwpXBqSWyjSof3w1Bg7,2
LunaowJnt875WWoqDkhHhE93SNYHa6tfFNVn1rqc57c,2
3B2mGaZoFwzAnWCoZ4EAKdps4FbYbDKQ48jo8u1XWynU,2
BNtHBLo1L2vAG7PBQ6mJvWz7GqVPxBnioXsY2Gjtubrg,2
ByszyWdqC3rVMWy8f6jwK5cmwkpwYdwsr7UL58xS5vnm,2
uEhHSnCXvWgtgvVaYscPHjG13G3peMmngQQ2ghC54i3,2
TopjgY7N1fJdnW89S9fX6t7LF61nspgXGL1NpgAKhDG,2
8nbE53mcKhy74HLiGZ1q5HRocwiCvgh49csSaHSdtukr,2
7zAHbRxEQaNjKnQMjFm7j8LebHSGfzsQDdm2ZpUNPa7G,2
BuoZ7q6faiJNTN24r7Kcj8dp96axs5XPEKXmWGsh2pDE,2
1KXvrkPXwkGF6NK1zyzVuJqbXfpenPVPP6hoiK9bsK3,2
CEL22Qx7p85qY6gmhCZaYJrrnynJitkVRMQo6qZdT8Ns,2
DRFh448Zz6AaHLJPZTgSw4fwv3eu776Db5RYEY4BqT7X,2
8mhdbYU3PxALpTfDrdTYvk5obaGxL8ATQMvCLXW9SV2L,2
HyperSPG8w4jgdHgmA8ExrhRL1L1BriRTHD9UFdXJUud,2
93Q99nhdKjuSe6WNXgMBbC3s8QVQEAoHKt91PNRkUkMn,2
LFGGGJtnBLvq78DyMz1gTeedM6f8owck76qHThDABBC,2
2AKKnirWVZMhnzuwqpizw9SwfZjGpRFLx2zCCNtPWpbc,2
D8xKNftHzFcCekENuTEcFC1eoL9y8wNHEg4Q5z57KK4e,2
BeRtYZnaaZLFwYQRPaZcxuuHBmyFBSGP32C8Ls5xnrZP,2
RFLCTDRBVZTEbXrCd92jnKghYeDJARb6ByK2JnPfQmH,2
2zykwzzo1pd3H2oSj5j5SRLTvmpa9Nr2S2Bh8tTVd5Tq,2
phz1CRbEsCtFCh2Ro5tjyu588VU1WPMwW9BJS9yFNn2,2
NATsUSZGohWw8xtLdxG4yus21UCkaes4FLfM2eqKbRk,2
4aRPyjsqqFsf5488a9QAaHJLQJMGwoL5P6wRtLmroe2d,2
HLXxkmjb47spcmbbKi3UCfZ2qmFY29t8MN562AEmh2Qh,2
11AMA4mnNbsrPQeuoNN7uiZVJZtqEzQHrTfa5vnbcjk,2
CwhdMezLucz7bcuWzStpLXgrzKGC2tBBiaVmJZjfprRN,2
Ey3DkEVbfBxfWmkTsG7Hqj7jshYf5Zx9H8462Zjjkykf,2
HrpWeJSYnQVtZe3BKxFCBrAEr8GRCmYUbQev4hoGDBs6,2
sce2zXNjLpPMcSCATTrLiQhAAvHNNMKypTFVtg2H37U,2
SyndicAgdEphcy5xhAKZAomTYhcF8xhC7za2UD9xeug,2
3x9nibnhgBHWKMRiGnsXJELRBjviQpKyigfrXtKW27KJ,2
7TYbdqaFpHbLUWBe6fTc19XPweUMN6fB3GBW3TzZWu1i,2
ALPHA6rdHZkx1om79xp47vX1iZXcbM3qfEwLyttZ1T7R,2
GQiWnDYrzHMALWG9avt5FCu1wisAQHjGY5ve7GMBiPEe,2
SoLiDJGk4WkdinyLiRWjkFbgLUhjL3idGJK8H1rUWqH,2
5FbKKGdEaFcxGxxaLKVvBes2JxiKbreh8w2ZpMcSQ2a5,2
ChaossRPGKnsVhX1GfPC78yq5Sqju4cMThcAsKZNz5d6,2
nateKhsYkrVc992UuTfAhEEFQqr2zQfpGg9RafNkxdC,2
FUNDTXgtnkfuhK6G6JUi5CzxPWeZNF9n96vFuBNGFy1v,2
Ettghfhr2kQerqAyGUuifFtBX17QecRe2gwpUZTAbZuw,2
HcZvwZ83PfjrQDiq3GLHxisTs17aGURs6bJ2LwtmL4qv,2
DDnAqxJVFo2GVTujibHt5cjevHMSE9bo8HJaydHoshdp,2
EQhTjikb1L2jvxsCaSW2o2TuRXh4Do6HzBEWCxpeM44W,2
nebu15XQKGpxzhhckADBX9PgvGN5qk9RRJCFLKc118w,2
9r2CsyjRTmTRtu8GFk5oJRSQr5YfSENxDkf3eox8iPLa,2
vvvvbtDs9HsdsE6NskZMnb1RA6muoud1ChQuiF9QhSM,2
D4r6Rcua2L7nHHhdaiZe2k2bTfPg2WQqcNYpG6bugvCG,2
CpuDNi3iVoHXbaT8gHpzKe6rqeBasoYjEKi21q7NRVJS,2
By8MseMKtZQQaQjMHJiyetmc5AC8RZZv8C2ss33ktrHt,2
4vcmYPfLztUckU3c3FvXDwSq8aDNDqwEpvEiqAv97LGJ,2
9pBHfuE19q7PRbupJf8CZAMwv6RHjasdyMN9U9du7Nx2,2
PoN1E3VyqwqoGQEhC8ExpkRKTuyhxtGLnHHH3DwbgTU,2
7VZM7YHcX73TpGoXDeBu61g4QKC86GwAEnew8dA7Y2xn,2
vnd1Ps8w3fsi54qUMJxBhUWARES34Qw7JQXDZxvbysd,2
4mzLWNgBX67zVwTykNnq96Z6KQLc8UyV5Q35EfVCDifC,2
1Link6hB1NpkCwJt3ZtpQKZszKauhEcKgiWjaU8PRDG,2
2icWF7TvxyycF7d1NHpMZYuJJqiRy2h7wmjFSbqUij1B,2
BoNKmNCGvoHS4CkKvYRnF21iEpUP827pZjhFGdA4t5as,2
BPKAfGkkzF5u1QRjjB1nWYYbPMUCMPJe1xZPmwEMNMCT,2
Crg1X8FftV44NmwfFvgREjanBQmyyS7NEu6duLU7Cyy6,2
2E2JPuFhjkQvEJEeNGqVSwGLJa5GoFqabQTutGjg1bzw,2
4VrjyXQT61WFSjuG3ehgqZUK1jqvYqB46veQbXLotq3n,2
SP9K2c8Z1aaQaqdQgC6hZMJ5UCTTnE76XNYVse7H94b,2
G4GT8z4AKWNoy3x6nuzxW83UfFXLXzrwn7DZQt4GvWdU,2
B4dn3WWS95M4qNXaR5NTdkNzhzvTZVqC13E3eLrWhXLa,2
7pR7t5axFfkg2VZB1uAuFNUvpAeowq2v15J4gw5MmHTB,2
tkmaiSoZ3F8MofkQBVWG6JYSCzyN6ioe7ReYXohx3WJ,2
C4bgengueVA9cRcprjutgu9XgvgoaaFnCqvpZaPy27xx,2
ALp2GdA1eJV8vZHMHazCtTxNXe3BLUSco9LDASgjDs8R,2
FdH9QEQBxPQfaF2JpcjgdfcMnDb7rjZkCDRCWLRjTQwj,2
MBVyz9s72WSfUmbr1S8fgHjDJQkPs1Q4Wxi6A2Mees9,2
DeepM3FDWaAb7o53rvyZk5YvHLG3FvDiVXJLRY78z51p,2
6JKwz43wDTgk5n8eNCJrtsnNtkDdKd1XUZAvB9WkiEQ4,2
8augxYLUge2iWmitQMwbcBL5VQEpsM6aJdRofhwpnzyw,2
H8fHToVcZPi5bupGZohGPX2SWs8NHzgFKQ31wi5n6oux,2
parafiUS6h6oLhCFwhjvEmQJKw8pF1iXsxMJdTq46dS,2
ETcW7iuVraMKLMJayNCCsr9bLvKrJPDczy1CMVMPmXTc,2
As9NxA9bCfhrVLAFyGeWG5X5iLYPGhU3R7nLfX3tN6am,2
UMi1r5J3SagSu4HC3waB3YFzbXi82rRSScgW2e8NTfr,2
2VKu11f8zc3huqDQUN6WJTFpX32PgHpXXjf72P6YvYMd,2
DiFeTctQSaNczJNmZ5121kYqLaBe9wDpM9sjCzTELJLE,1
AWZhUiQjrjtxL8MEMWsCFbMausFQKkdTnDsFW2i411hN,1
LTP1bMnfq1Z6UctyDXYHo9qcUJ6ReXm9cG2VwQcsHBt,1
9D3o3EYeknhTrRvXS1PnD2euGXnMFa3HwpYBq5gPZJDA,1
w3iDxC22CnKLUcST77cp5ZPGbEjXGrp5gvgtEPNNMaA,1
xLabscif2DLnYg39rQThqi7A9E45L9qiysRZhmZ1ARE,1
5N9r2ne7dPgHtzeHC5ETJ3DAueKQiXSU8KAmEZrrojT7,1
PuRposE4utktenW49N8DCtVzdVEwYrmsrroboEUram4,1
3BeharBd3j4sKQp7Qze27JLQLd9AEEwGTX9TC7dXYSNw,1
mastWEbKEMjvBCd1uaUBpNjWcfSPhXMWnH9tTrgzn1g,1
Av8EnYrPBnSJHK5e2wmTdnCpSy7nzmBgyFaUKSyLnBfe,1
DeXsDvvZzKhVux4YfDFE6p4acJLGzr8yKt5pSTjzZB8t,1
HFTcVVrX93SJwYHAiiHAssb3c4zXqSsF4mNjg5arGPEj,1
BSGMRbK97DcgLe4u4kfNQnmTVZGVnwdtKQBJqWRBTZxU,1
vahMVcSS3v6uwyFormV7FDAUbQSHwmy6vUedp1P7L42,1
FwnWx7x99rGwLmipzz8ii15NqcHkKRo2oS1Y7j6LivgZ,1
3Pfubj3ytkRxFAGwFb5vtacuZJUxko5Du39xie9MBXuC,1
SaGAgdkowooXBrHihpmE8gsjf1dUG7n5SqnyJxYFnXJ,1
RoYFUUD7QD9aQ34UCMcwfye8dC5YvJeXz2J3mmoy5S4,1
3fpcsJ2WPdrmpjVVA5Lmv4m9Qx5xqND1xJhFprDSjWJ4,1
fdzip81euDS8jEZHx5H1mn27zGVMLzkgpQuzYRBfBYG,1
YuRBAsy9Stw1u46A8dMp7WQVBFweLP1PKuYibzYAMmQ,1
CBUGET5PnvLc3HvEeFYj64iTvdKhYV6pujTPDdDh785K,1
dmMwc4RazLHkvDZYrWAfbHQ6cViAvNa5szCJKaiun8S,1
HMWXfjaeSHhww1wvdBhqhHVP9v96mFB4LJ9xP2MXbDGH,1
5P35CJVKU15Rrh5M6EVkre23EyA3K34kAut2GXhHKM7W,1
orbit1bWKxnECKLqjhm5rybTiEC2GEYbecyebgEfM5q,1
5t4shVsKnUqgjmhK3fFNsvyju2E6Rd7cc4S5pmqqEVEW,1
dcntruDNP5SEcGV4RxnsqXFURdDZGT3DTQv68Q8H7Vu,1
BCS95L5JHBWHvWkcEJBEF3BH5QHxKcPeaTgoYmHLvfFh,1
AjGby82yXeYgj3kmng9y3c4nQpZFmiPpJKecLJTHbfbP,1
FyLVPAKkgdAy8Gn9jnFYN5yjC1ubQWRkw2EHt2UnC8uA,1
prt1st4RSxAt32ams4zsXCe1kavzmKeoR7eh1sdYRXW,1
4YGgmwyqztpJeAi3pzHQ4Gf9cWrMHCjZaWeWoCK6zz6X,1
9PRr9k87HjjdLMRkxtxygidjxVta9VQ1kAsqgLBWXKdQ,1
EAW9vxqogvdPNapq7QTDpiVTHK6o7begUhPVnf854VTc,1
6gL3uHvuUjaPp9mTBf2VZ4tpKiYhbWyPrAPboGByzEHd,1
EUDis6LJeJzDHTEBgfHGQyjHp63XZkGkx4E69xunC2Ej,1
icex1C6pnZxznQWiHZZANjGU8nZ8kNquFnjyY7XXrXE,1
H9METtoxNp2PhcDNxXwqpzBarJw9zJezhzdDEFgBqv8w,1
AccReGBNBdUCEJ7ZyP231jw7uVJ3eF9u4cLBFAyqQuWm,1
9q16BB7WGmBxf1nJTdxH5zPnBUhtHqdqXqRFjSjuM4k7,1
Lake8NXDThihebhxS3Js7mFnj9fthmus93zEdsFNrsL,1
2Rv9npqdWE1mLPsT1r2obn3xtKmA5afkxt8GsWeLnKoc,1
sce1oTWYVXv7a7Hy2skxREozs5nwkQ4wDT8XJSi5tgE,1
FyrwfMaomErzqrFUXMjCJ7mA4u81DsiDdrzC3MJD6d4j,1
SWnetabTLirPWqEK1V1T7HkVLC5vGvfjEsb89wiqrGh,1
AvNsK6uxBBwejyPe7tZqgX4onaCnXTqKQvKRaTe9Ekya,1
65pHd5P2VrehonT1cdJ2JUnq5wi3WUgfL3A8RhYH7Kg7,1
32jCuWyy4aJjyv4gd4DSGBHmFU5KUSSfqbmPb9GpMin6,1
HwN6eoEe9N3kwHi66hpQDBMFPk6ASQGthWKPX5MZmisp,1
REA1zKzM5WjDEcpB27Zx2Rk16foNPtLGTETy93LLgNw,1
9USijQaAfSzw6gWbHNq68VVigmj3HvffDJYhbK4tfquB,1
SPHERExTW7GaMgS4RN6MbghYvXU2REfFWHgpxMH1P69,1
FoigPJ6kL6Gth5Er6t9d1Nkh96Skadqw63Ciyjxc1f8H,1
6xFDLX751L7H9d5fQT9sf2SM5RWWE9LDgqz25pPDbWoJ,1
3CKKAoVi94EnfX8QcVxEmk8CAvZTc6nAYzXp1WkSUofX,1
9U4WqNGVywKt3gG9HSt9tGVXBDXJvgid6BVweRysaJmg,1
KAoSp3EudGqUBXv46tQoDwbZxSm3iXa9wM2aF4ySbJJ,1
AYY1TCe347UZ7zueBmF4MyoFkeEZquRUNVBNoUZiRoew,1
7Nu9ckgtjobZ3MkbadGFKEvRymYuah9HmcxiUJKMM9NB,1
stacheBmGG5zMKuetUevAbc4m4dLbve1VPcpSur3voH,1
4uH4G6YiD5G8rU3mtPg73C2Uqamrqedy3FboTZcZrh6x,1
svsD6T44XJnuXQWB15sy1pBxxruzrFy8rR7gXy8Jsj3,1
3rqEEEGjHRyndHuduBcjkf17rX3hgmGACpYTQYeZ5Ltk,1
BirdeyeK5yooepHNNgaW2bGGDD2jmib4oSRFTHyELbZ1,1
mALL2W6DUgDDtcyurC9v5YTF2CMMeuRwPBkf6tEoG3y,1
6yVX5rkTR3NfgCuu37vkmLCeG2RLqKaJHLj4G6b4Dvzu,1
SQDS9iwyWvT2mQbSZzuNKGoxuBug5jRHouF6SuMRBkA,1
7HMHSdQkjDwz9Q5zAhEy83uzW3XHJchjdpMYapKXcKt5,1
2Le6TjeEescF87qDA8Ftdz6U8Kq6SNVwoLJLhzBCHUr5,1
8aPHvzVV91jZF948tykkoF6WfgLHppNfG8Z3V4gCrDix,1
9hQqNe3DQTiwhspatewA8EXhz12e6sq5UJVJ2qNRwnTf,1
96XWbKem84optM8RLHhc8EYJQG8CCWA8F6oqWMPHDweN,1
WUNoB9YQXmXXRcJsjY1G8PfVag5aAfnyGmFd6YwJVwp,1
THWsLPufeq9LWs2H9vYPbtFwdxAHbQHvSbT6pztG8x1,1
1i1yPyh843bTfi5qPgqozTbDcEX65rUNEFcUT2KAs2i,1
7MTjmteQHhthwwTZhUzsc2dP4NBvGNRqj8jzdqNxHFGE,1
AaapDdocMdZQaMAF1gXqKX2ixd7YYSxTpKHMcsbcF318,1
MagiCBYNPD9iTBXqiFybAFCREQzG6MSM4LmFLXQZxuV,1
nodeEgRVkbYLAQePtMx2zCN7CGw7qRgzKMCBtjMfN1D,1
EtoMApqP2h1vVm9XLTTp5HERNezm5btkqrdAGQ9fZRnp,1
mrgn28BhocwdAUEenen3Sw2MR9cPKDpLkDvzDdR7DBD,1
7knvB4bbqHCKuNp3ef2hJWdwqoH6WAUi55NQt6LdRfkx,1
AdSHK6vpQnwHRSw7jXUwjMEytmhFwnynZSENhvpAxL1y,1
hyp3Eo67t6FgeuWg5Qxbeme8NPXJPXXdKT4iJ4DsLf2,1
sTEAKPk59EtPPbixCweyv6oRLNCDEE8pnnef6gUfbiW,1
3KiDz3wuZrJfsgKt5KEvRb1WPpbci1PWj78aPVF5ei3F,1
mD1afZhSisoXfJLT8nYwSFANqjr1KPoDUEpYTEfFX1e,1
2uxEHizFmmnLekKG2LZJwxNabhpymEYfdVCpgDxjt87m,1
jntr1vkzvSujfckGR6ANmFmirVoPBMNr5XJGKP5uDQA,1
CTwsruptUccEtZGNxBDbuusHYxkBX3P6ndrxVjSG213y,1
fotby1ABxpei2EVH9uXJ6KbHYgPjbg4Sny9eRzQjtRN,1
Sh1ro1CaaVjNuihgNK6kay7jwcWzSqD2fdix6RNPaSh,1
noMiSMNpN3iGeX3WdF5M2KQdFUQt2RYYpfJ4dN1Ni3k,1
Fb77sbwgXmtjmkjkaoSckGp5yg3nqdtD8zf1dyxxiCSf,1
A79u1awz7CqnxmNYEVtzWwSzup3eKPNW6w2Jrd56oZ3y,1
dzBhD4wikyy7xqwiJvT49gdrKqWVjfs9M6cTssmRX8Y,1
mds3Df1ieBonG2qS8ZoKTqshq5MgTUNfZgc78cjiCdq,1
pitMDEaMmWmr7qP8HsNqarPQkd3jhZbLJibhhQnL5RG,1
bonkcbAQvHpYWxEG63E8ufTB1cxkkk9eAKaPdGePE88,1
RLMS1pv3YKi7CSUCKTNcFN5fFkXJc2SmCwPhbQpqZJo,1
gojir4WnhS7VS1JdbnanJMzaMfr4UD7KeX1ixWAHEmw,1
RoYLttggWwa2st3KAGEjnPhsq4NPD5QwaNVyyR8pTz4,1
MRGSoA53J7i4WidVHTxawPyKdr26LdVYCywnrUZ6auT,1
nSGZ3tv2UhskkPqiB666yDVj7PTi9qKgDqvjHyw5JgM,1
scs1NCSTafrUX6RBx113B9YDCepo1QdEzU8WwEkf25i,1
43Am3PKFeo9cACpqYL5Sk95rpVdxLw3Mc22PqRqZXEW2,1
5XKJwdKB2Hs7pkEXzifAysjSk6q7Rt6k5KfHwmAMPtoQ,1
NordEHiwa6wT5TCjdeWJzpsA7DSmWQPqfSS7m2b6cv3,1
E99w1XfS4UNM1xUKXWEuDmj8Mduy7u65jm2NCULTspSV,1
AnKWYWA1zktynzWqPC5KQFYWrTEWNny2CAHbAVU9zSXT,1
BM2vE2QqkB9fGtC34WPtM8drbgta13SBkhRq6dRG9J4J,1
rapXHroUoGG3KvZ3qwjvGMdA7siWXwXpiNC1bYarvSC,1
8Yq98CFAorqAc3CN7XtMVgKLrBc78wsBvjhAbFr4sNQ5,1
7Nn8qBJey7vXtVFMNBbbuN8UkujU8Y6nWzbHVGuf49yV,1
hykfH9jUQqe2yqv3VqVAK5AmMYqrmMWmdwDcbfsm6My,1
PKdLMugp1Mf88Ji1GkdqRDBewaUh2cqg79CBEo6eJoQ,1
5ivRNcK1yThcK3koZR1oikAfuNm6rj1LceMskayoVSzc,1
Ed9WjPnZfAXsPttcqxMwj94qsuXVRyBsyXnDkxFva2Zv,1
DViARWAWKkxAzp4UCgbw5B9pLSrBY3PaztFErcwgVUKX,1
4GEEKSwuiBHWTff9WaqrDcToZjbX6KYdyB4c578Zxse2,1
EN5F2BU5juUEWr9zRNNqKuQMi9zBUY1YLPHV5EyMrvnW,1
